Door ID,Floor,Room,Opening width (m)
"E01","floor-1","Main entry","0.9"
"D01","floor-1","Living","0.9"
"D02","floor-1","Kitchen","0.9"
"D03","floor-1","Bedroom 1","0.9"
"D04","floor-1","Bathroom 1","0.9"
"D05","floor-1","Office","0.9"
"D06","floor-1","Stairs","0.9"
"D07","floor-1","Dining","0.9"
"D08","floor-1","Bedroom 2","0.9"
"D09","floor-1","Bathroom 2","0.9"
"D10","floor-1","Flexible space","0.9"
"D11","floor-2","Lounge","0.9"
"D12","floor-2","Bedroom 3","0.9"
"D13","floor-2","Bathroom 3","0.9"
"D14","floor-2","Flexible space","0.9"
"D15","floor-2","Stairs","0.9"
"D16","floor-2","Bedroom 4","0.9"
"D17","floor-2","Flexible space","0.9"
